nation,born,bweight,snatch,jerk,total,event,eventyear,doping
VEN,02.09.1996,68.6,147,170,317.0,18th BOLIVARIAN GAMES,2017.0,0
BUL,26.08.1979,100.4,157.5,180,337.5,7th UNIVERSITY WORLD CUP,2004.0,0
PUR,03.04.1992,92.7,140,175,315.0,Pan-American Championships,2022.0,0
TUR,04.07.1988,68.26,#VALUE!,---,0.0,2015 IWF GRAND PRIX,2015.0,0
PER,05.08.1993,68.72,113,150,263.0,2012 IWF JUNIOR WORLD CHAMPIONSHIPS,2012.0,0
JPN,07.01.1993,55.75,93,120,213.0,ASIAN JUNIOR CHAMPIONSHIPS,2011.0,0
TUN,06.04.1997,49.5,84,101,185.0,AFRICAN YOUTH CHAMPIONSHIPS,2012.0,0
COL,19.06.2005,53.9,87,108,195.0,PAN-AMERICAN YOUTH CHAMPIONSHIPS,2021.0,0
ESP,01.08.1994,84.06,115,135,250.0,2011 IWF YOUTH WORLD CHAMPIONSHIPS,2011.0,0
KAZ,18.03.1994,67.81,133,150,283.0,2012 ASIAN CHAMPIONSHIPS,2012.0,0
HUN,24.08.1977,93.77,175,215,390.0,70th MEN's and 13th WOMEN's WORLD CHAMPIONSHIPS,1999.0,0
ROU,22.12.1991,67.82,125,155,280.0,EUROPEAN CHAMPIONSHIPS,2008.0,1
COL,18.10.1981,83.3,155,200,355.0,72nd MEN's and 15th WOMEN's WORLD CHAMPIONSHIPS,2002.0,0
WAL,25.04.1999,91.1,112,152,264.0,2015 COMMONWEALTH YOUTH GAMES,2015.0,0
THA,21.09.1989,84.55,150,182,332.0,SOUTHEAST ASIAN GAMES,2009.0,0
NGR,05.11.1999,83.57,147,177,324.0,XXI COMMONWEALTH GAMES,2018.0,0
IND,15.06.2000,61.87,108,140,248.0,2016 ASIAN YOUTH CHAMPIONSHIPS,2016.0,0
KSA,10.05.1982,61.8,122,151,273.0,2016 ASIAN CHAMPIONSHIPS,2016.0,0
GRE,25.02.1985,55.85,107.5,135,242.5,72nd MEN's and 15th WOMEN's WORLD CHAMPIONSHIPS,2002.0,0
SWE,22.01.1971,68.91,#VALUE!,---,0.0,70th MEN's and 13th WOMEN's WORLD CHAMPIONSHIPS,1999.0,0
CAN,12.08.2001,61.96,111,137,248.0,2017 IWF JUNIOR WORLD CHAMPIONSHIPS,2017.0,0
FRA,19.11.1997,94.1,158,181,339.0,European U23 Championships,2019.0,0
CZE,21.06.2001,76.15,100,128,228.0,2018 EUROPEAN YOUTH CHAMPIONSHIPS,2018.0,0
NRU,02.03.1994,67.3,112,147,259.0,OCEANIAN CHAMPIONSHIPS,2013.0,0
SVK,06.11.1981,76.65,125,152.5,277.5,27th MEN's and 7th WOMEN's JUNIOR WORLD CHAMPIONSHIPS,2001.0,0
MDA,19.03.2000,72.95,155,175,330.0,XXXII OLYMPIC GAMES,2021.0,0
CHN,26.12.1980,76.11,160,185,345.0,70th MEN's and 13th WOMEN's WORLD CHAMPIONSHIPS,1999.0,0
RUS,22.11.1988,67.5,150,178,328.0,EUROPEAN U 23 CHAMPIONSHIPS,2010.0,0
EGY,04.03.1991,84.55,157,196,353.0,78th MEN's and 21st WOMEN's WORLD CHAMPIONSHIPS,2010.0,0
BRA,16.07.1977,129.3,155,185,340.0,2010 PAN AMERICAN CHAMPIONSHIPS,2010.0,0
INA,20.12.1987,61.9,135,163,298.0,XXIX OLYMPIC GAMES,2008.0,0
MEX,14.07.2000,97.7,148,180,328.0,2022 IWF World Championships,2022.0,0
ECU,19.01.1997,61.63,99,119,218.0,2013 IWF YOUTH WORLD CHAMPIONSHIPS,2013.0,0
LTU,08.02.1999,68.15,#VALUE!,---,0.0,2018 IWF JUNIOR WORLD CHAMPIONSHIPS,2018.0,0
DOM,19.04.1995,55.95,115,141,256.0,2015 PAN AMERICAN GAMES,2015.0,0
IRI,24.03.1985,92.65,150,195,345.0,30th MEN's and 10th WOMEN's JUNIOR WORLD CHAMPIONSHIPS,2004.0,0
BLR,27.02.1993,80.99,152,188,340.0,12th Mediterranean Cup,2019.0,0
UZB,03.12.1999,67.0,139,173,312.0,XXXII OLYMPIC GAMES,2021.0,0
AUS,05.12.1982,93.12,146,175,321.0,AUSTRALIAN INTERNATIONAL,2017.0,0
ALG,11.06.1994,103.65,150,183,333.0,AFRICAN CHAMPIONSHIPS,2012.0,0
LTU,12.04.2001,107.71,119,155,274.0,2017 IWF YOUTH WORLD CHAMPIONSHIPS,2017.0,0
CRC,23.11.1992,93.15,116,150,266.0,CENTRAL AMERICAN AND CARIBBEAN CHAMPIONSHIPS,2017.0,0
PNG,13.05.1993,59.44,90,115,205.0,IWF WORLD CUP,2007.0,0
ECU,23.09.1991,104.02,180,196,376.0,TEST EVENT FOR RIO 2016 OLYMPIC GAMES,2016.0,0
YEM,09.11.1994,54.3,88,100,188.0,PAN ARAB GAMES,2011.0,0
ESP,26.11.1986,76.72,140,170,310.0,EUROPEAN CHAMPIONSHIPS,2008.0,0
MAS,24.11.1999,72.55,-170,170,0.0,2019 IWF World Championships,2019.0,0
RUS,20.11.1995,135.25,185,230,415.0,EUROPEAN JUNIOR CHAMPIONSHIPS,2014.0,0
MAD,26.02.1995,66.05,136,160,296.0,Zone 3 African Senior Championships,2019.0,0
MHL,19.10.1994,82.07,120,162,282.0,OCEANIA CHAMPIONSHIPS,2015.0,0
DOM,01.01.1970,137.0,157.5,195,352.5,XXVII OLYMPIC GAMES,2000.0,0
NRU,21.10.1982,83.86,#VALUE!,---,0.0,73rd MEN's and 16th WOMEN's WORLD CHAMPIONSHIPS,2003.0,0
BAR,03.10.1993,80.6,100,120,220.0,2011 COMMONWEALTH CHAMPIONSHIPS,2011.0,0
ALG,16.01.1993,68.25,108,137,245.0,AFRICAN YOUTH QUALIFICATION CHAMPIONSHIPS,2010.0,0
CHN,28.01.2001,150.0,168,202,370.0,2019 IWF Junior World Championships,2019.0,0
ROU,06.01.1970,55.72,122.5,152.5,275.0,XXVII OLYMPIC GAMES,2000.0,0
UKR,05.05.1998,76.78,115,152,267.0,2014 EUROPEAN YOUTH CH. (YOG Qualification),2014.0,1
USA,23.09.1990,102.78,155,207,362.0,2014 IWF WORLD CHAMPIONSHIPS,2014.0,0
KGZ,12.09.1996,88.75,145,183,328.0,4th INTERNATIONAL QATAR CUP,2016.0,0
IRL,03.06.1991,80.85,145,172,317.0,2019 IWF World Championships,2019.0,0
ARM,13.09.1982,76.82,165,192,357.0,75th MEN's and 18th WOMEN's WORLD CHAMPIONSHIPS,2006.0,0
IRI,21.09.1984,142.89,196,230,426.0,XXIX OLYMPIC GAMES,2008.0,1
UZB,24.11.1991,108.8,177,220,397.0,2022 IWF World Championships,2022.0,0
ECU,06.04.2005,99.59,126,160,286.0,South American Junior Championships,2022.0,0
HON,18.04.1993,98.92,133,175,308.0,PAN AMERICAN CHAMPIONSHIPS,2014.0,1
ESP,14.04.1981,93.09,173,210,383.0,XXIX OLYMPIC GAMES,2008.0,0
POL,19.02.1996,93.26,#VALUE!,---,0.0,2016 EUROPEAN JUNIOR CHAMPIONSHIPS,2016.0,0
ASA,10.06.1990,83.6,110,126,236.0,XIV. PACIFIC GAMES,2011.0,0
BLR,11.06.1979,89.9,152.5,175,327.5,24th MEN's and 4th WOMEN's JUNIOR WORLD CHAMPIONSHIPS,1998.0,0
IND,16.08.1989,68.11,126,152,278.0,2012 COMMONWEALTH CHAMPIONSHIPS,2012.0,0
THA,19.08.1985,55.6,107,137,244.0,31st MEN's and 11th WOMEN's JUNIOR WORLD CHAMPIONSHIPS,2005.0,0
KOR,09.08.1992,104.69,170,201,371.0,2014 IWF WORLD CHAMPIONSHIPS,2014.0,0
KAZ,23.01.2000,84.49,138,185,323.0,2017 IWF YOUTH WORLD CHAMPIONSHIPS,2017.0,0
UZB,15.10.1992,74.55,123,146,269.0,ASIAN INTER-CLUB JUNIOR CHAMPIONSHIPS,2011.0,0
PER,22.06.2001,55.06,82,110,192.0,2017 SOUTH AMERICAN JUNIOR CHAMPIONSHIPS,2017.0,0
AUS,07.05.1997,68.52,109,129,238.0,2015 COMMONWEALTH JUNIOR CHAMPIONSHIPS,2015.0,0
POL,07.01.1990,104.91,175,212,387.0,EUROPEAN CHAMPIONSHIPS,2013.0,0
LTU,07.12.1991,102.54,155,201,356.0,26th SUMMER UNIVERSIADE,2011.0,0
NZL,06.04.1997,90.15,90,120,210.0,2014 OCEANIAN YOUTH CH. (YOG Qualification),2014.0,0
USA,15.01.1997,76.7,125,148,273.0,2015 IWF JUNIOR WORLD CHAMPIONSHIPS,2015.0,0
USA,27.01.1988,76.62,140,184,324.0,PAN AMERICAN CHAMPIONSHIPS,2014.0,0
ROU,10.09.1977,76.69,147,180,327.0,EUROPEAN CHAMPIONSHIPS,2008.0,0
CHI,22.04.1987,104.41,150,191,341.0,XXX OLYMPIC GAMES,2012.0,0
MRI,10.06.1992,60.65,80,105,185.0,AFRICAN JUNIOR CHAMPIONSHIPS,2010.0,0
COL,10.01.1995,76.6,120,151,271.0,PAN AMERICAN JUNIOR CHAMPIONSHIPS,2012.0,0
QAT,25.06.1998,51.35,36,35,71.0,22nd WOMEN AND 29th MEN ASIAN JUNIOR CHAMPIONSHIPS,2015.0,0
RUS,17.02.1994,72.75,147,165,312.0,Roma 2020 World Cup,2020.0,0
SVK,24.05.1985,80.76,141,175,316.0,European Championships,2019.0,0
UZB,26.07.2000,68.59,-158,158,0.0,2017 IWF YOUTH WORLD CHAMPIONSHIPS,2017.0,0
POL,07.02.2001,60.4,#VALUE!,---,0.0,2019 IWF Junior World Championships,2019.0,0
SGP,24.09.1993,83.74,90,127,217.0,2015 COMMONWEALTH CHAMPIONSHIPS,2015.0,0
CAN,21.05.1998,93.3,142,176,318.0,Canadian Invitational,2022.0,0
CAN,09.07.1992,91.17,145,172,317.0,2015 PAN AMERICAN GAMES,2015.0,0
NRU,30.07.2006,66.0,96,135,231.0,Oceania Senior Championships,2021.0,0
ALB,08.10.1988,80.55,157,181,338.0,XXXII OLYMPIC GAMES,2021.0,0
SAM,13.05.1999,88.8,156,191,347.0,Arafura Games,2019.0,0
IND,12.01.2000,61.81,110,150,260.0,COMMONWEALTH YOUTH CHAMPIONSHIPS,2017.0,0
TGA,29.12.1993,74.3,90,115,205.0,OCEANIA JUNIOR CHAMPIONSHIPS,2013.0,0
GRE,18.12.1980,76.4,137.5,165,302.5,25th MEN's and 5th WOMEN's JUNIOR WORLD CHAMPIONSHIPS,1999.0,0
GER,25.01.1985,83.44,#VALUE!,---,0.0,2nd FISU WORLD UNIVERSITY CHAMPIONSHIPS,2010.0,0
